NAME,NUM
Milwaukee,3
South America,2
Belgrade,3
England,10
Ray,1
Lasse,1
Paraguay,2
Ridge Creek,1
Syria,1
Claire,1
alaska,4
Czechoslovakia,1
Black Grove,1
After Montevideo,1
Ottawa,1
San Sebastian,2
San Fernando Valley,1
Seattle,4
Bengaluru,1
Lisbon,3
Nashville,1
Purgatory,1
California,9
Daniel,2
AN,3
SEA,2
Park,1
Hollywood,36
Kasturi,1
See,4
Mississippi,1
El Santuario,1
Lina,1
St. John's Evangelical Church of Michigan City  Indiana,1
Devil,5
Finland,3
Atlantic,1
Sunny,1
Todo,1
Puerto Rico,1
Oakwood,1
milan,1
Venice beach,1
THE,1
Salt,1
Geroldseck,1
Montgomery County,1
Salem,4
Ocean,1
Mekong River,1
Bulgaria,4
Rio De Janeiro,2
Sheraton Brooklyn New York Hotel,2
North Dakota,1
Shimokitazawa Gawa,1
Nevada,1
Huntington Beach,1
Uttar,1
Krista Kirko,1
Blue,1
Nazi,1
Cougar,1
Century,1
Moon Bay,1
Michigan,2
Beverly Hills,2
Sicily,1
Cuba,3
Gerri,1
Belle,1
u,1
DIY,1
Clarkston,1
North East,1
Isabella,1
Normandy,1
Haunted Hills,1
Israel,1
Imperial,1
Arctic,2
Emma,2
Montreal,1
Soviet Union,2
Mexico City,4
Atlantic City,3
Central America,1
Notting Hill,1
Johannesburg,1
arkansas,2
Ostia,1
Malaysia,4
Sierra,1
Oakland,1
ghana,3
Santa Maria,1
Armenia,1
SHE,3
Harlem,3
Rome,7
Eastern Kentucky Correctional Complex,1
hiroshima,2
Trinidad,1
Tokyo,11
Western Asia,1
Light,1
Brazil,9
Park West,1
North,1
Southern,7
jakarta,2
Stalin,1
Long Island,1
senegal,1
Prague,1
Pearl,2
Little,1
Italy,13
Carpenter,1
Lucknow,1
Lucifer,1
Afghanistan,6
Saturn,1
Rangoon,1
Pirin,1
Madurai,2
Broadway,7
Teresa,1
Scotland,5
Brooklyn,14
Manila,1
Appalachian Mountains,1
During,2
Paris Airport,1
West Virginia,2
denmark,2
Blue Mountain,1
Colorado,1
Fazenda Mitsuomi Inushi,1
Coos Bay,1
Korea,5
Gary,1
New York,28
Srebrenica,1
Groningen,1
Luke,1
asia,5
Century Park,1
Minnesota,1
Middle,2
Arabian Gulf,1
San Francisco,6
Mount Shasta,1
Silver Lake,1
Little Alice Lake,1
Cairo,2
Spider,2
São Paulo,3
RIO,1
Ohio,1
HE,5
North Carolina,2
Eastern Europe,5
Bucharest,1
poland,6
Christ Centered Apostolic Church,1
Portugal,3
Bahia,1
Copenhagen,1
Latvia,1
Morocco,1
Hood,1
Northern Wisconsin State Fairgrounds,1
Kansas City,2
Montana,4
Rocky,2
IN,3
Victoria,3
Plot,5
Kentucky,1
sedona,1
Solvang,1
indonesia,3
Bogotá,1
India,44
Troy,1
seoul,2
Canada,3
West Texas,1
Santiago,1
Hari,1
Uttarakhand,1
Madrid,4
Madam,2
Hudson Valley,1
Atacama Desert,1
Germany,12
Vegas,2
Bleicherode,1
Mixing,1
Portland,1
Cape Cod,2
Andes Mountains,1
United States,18
Guinea,1
Atlantic Ocean,1
Rose,1
Moscow,10
South Carolina,2
Bangalore,1
Gobi Desert,2
Lake Sidney,1
Costa Rica,1
South Sydney High School,1
Magic School,1
Vietnam,8
Sunnyville,4
Naples,3
Comeback Well,1
New Orleans,5
Sent Alec,1
River,3
Butte County,1
Chinatown,1
Denver,1
Buenos Aires,4
Nigeria,2
Los Vegas,1
Jimmy,1
Peanut,1
San Antonio,1
Cop,1
South,1
Switzerland,6
Salma,1
LA,2
Pacific,1
Slim,1
Caribbean,3
Dakota,1
Hot Springs,1
Hope,5
Gaza,1
New,5
ALL,1
Harvest Hills,2
Alberta,2
Dublin,4
Juan De La Cosa,1
Maxwell,1
Aidan,1
New York City,25
kosovo,1
Mozambique,2
Belfast,1
Appalachia,1
Evil,1
Chief Joseph,1
Kerala,2
Pittsburgh,1
Charles,1
South Sudan,1
alabama,2
Europe,22
Berlin,15
Zunga,1
Carolina,1
Punjab,2
BOY,1
Mauritius,1
Tarn,1
Tulsa,1
United Arab Republic,1
Guatemala City,1
El Tigre,1
Cerro,1
NA,1
ANA,1
oregon,3
Delhi,3
United States of America,1
Maine,7
Tennessee,3
Ithaca,1
Pasadena,1
Due,1
Ireland,9
Vienna,3
Santa Isabel,1
France,13
Pearl Harbor,1
OK,1
ArtCenter South Florida,2
Blue Ridge Mountains,1
Portuguese West Africa,1
Alexandra Palace,1
Their,1
Nowhere,1
Noah,1
Costa,1
Mediterranean,1
Norway,2
Riccione,1
Christian,1
Mexico,25
Ellwest Stereo Theater (historical),1
Los Angeles,39
Caribbean Sea,1
Houston,1
Indiana,4
Bradford,1
OLD,1
Cincinnati,2
Beirut,3
Yon Armed,1
Kazakhstan,1
Cambridge,1
Bahamas,1
alaskan,1
Mali,1
Panama,1
Forrest Lakes,1
tel aviv,2
Argentina,10
Warsaw,1
Africa,16
Ivory coast,2
Flying S Air Ranch,1
Britain,3
Spring,5
Two,1
SUN,1
Québec,1
Venice,2
Budapest,3
Saudi,1
Sierra Nevada,2
London,47
ARK,1
Balthazar,1
Georgia,2
Jehovah Church,1
atlanta,5
Sydney,2
Ridge,1
Bible Baptist Church of Washington D C,1
ART,1
Old Delhi,1
Geneva,1
King of Prussia,3
Washington,7
Dante,1
Rue 2014,1
Sebastian County Sheriff's Office Greenwood District,1
Missouri,3
Northern Michigan Sanitorium,1
Negev,1
Nest,1
Trans,1
Wisconsin,2
But,2
Grey Valley,1
Kylie,1
Shanghai,5
Philly,1
Hawaii,4
manhattan,6
Stella,1
Rina,1
Thistle,1
Azerbaijan,1
Baltimore,6
New Mexico,5
Travis,1
Northern Maine Medical Center,1
Australia,11
Jeanne,1
Philadelphia,7
Los Angles,1
mumbai,1
Charlotte,8
Detroit,5
florida,9
santa barbara,1
Dakshina Kannada,1
Cape Town,1
Omar,1
North America,4
Silk Road Hotel Hostel,2
Zurich,1
Iceland,1
Asgar,1
North Philadelphia,1
Santa,6
Yugoslavia,1
Sarajevo,1
Colombia,2
Heaven,1
Latimer,1
Hollywood Hills,1
Rochester,1
bogota,1
Jerusalem,2
Calgary,1
Mount Olympus,1
Malibu,1
Kansas,1
Pennsylvania,3
taiwan,2
Iowa,2
Bay Area,4
Ivory,1
Texas,7
Chetco River,1
honduras,2
Latin,1
María,1
Long,1
Antarctica,1
Camp,4
Dehai Baland,1
Singapore,1
Santa Claus,3
Increasing in Christ Ministries,1
Penance Pass,1
Russia,4
Carpathian Mountains,1
Mars,1
Las Cruces,1
West Hollywood,1
Aubrey,1
Amarillo,1
China,6
Romania,1
Mount Desperate,1
Cypress Hills,1
Bloomfield,1
Philippines,8
Panama City,1
Quebec,4
North Rhine Peak,1
Mount Adams,1
Hydra,1
New Jersey,1
Miami,8
Kingdom,1
Zimbabwe,2
tampa,1
Moon,1
Florence,3
Fort Worth,1
Camelot,2
North Korea,3
Haifa,1
Greece,5
Pitkin County,1
Staten Island,1
Vlokhoven,1
San Diego,3
What Cheer,1
Ben Mason Shoal,1
Iran,8
sweden,7
Ariel,2
Remy,1
tehran,1
Iraq,7
Planet,1
Istanbul,4
Chile,3
Dawson Falls,1
Arizona,9
Las Vegas,12
Heights,1
Boston,2
Munich,2
East Texas,2
İllinois,2
Gulf,1
Athens,2
Karachi,1
Turkey,5
Belgium,4
Mason,1
New England,3
South Africa,6
Bermuda,1
Amazon,2
Peru,1
Lee Hills,1
spain,10
Virginia Beach,1
Vancouver,1
Hong Kong,5
Ojai,1
Thailand,4
Coffee,1
Middle East,1
Hunger,1
Amsterdam,4
Cheatham County,1
Massachusetts,3
lebanon,3
Nice,1
Salt Lake City,2
Mojave,1
Rags,1
Shenandoah River,1
Croatia,1
kila,1
Pete,1
Raleigh,1
Sardinia,1
Sri Lanka,4
Daytona,1
United Kingdom,1
Catherine Palace,1
Venezuela,1
Reno,1
His,1
When,1
Amish,1
Louisiana,4
Devon,1
The Netherlands,1
Gulf Coast,1
dallas,1
Gandhi,1
Marathi,1
pakistan,6
Boston Hollow Road Brook,1
Auschwitz,3
Bowie,1
Alps,3
South Korea,2
Canary Islands,1
Great Britain,2
Austria,3
King,2
Memphis,1
orlando,1
Woman,1
Artyom,1
Trieste,1
Rock,1
Hungary,1
Japan,22
helsinki,2
Baltic,1
Medellín,1
Virginia Hill,1
Stockholm,4
Western Europe,1
Salt City Business Park,1
New Zealand,1
CAN,1
Palm Springs,2
Love,7
Block,1
SAN,1
Mount Apo,1
Egypt,1
Disney's Fort Wilderness Resor,1
North Sea,1
Port City,1
Patagonia,1
Cleveland,2
River Ridge,1
Earth,29
Saudi Arabia,2
East Village,1
Wuhai,1
paris,28
Lima,1
America,25
Pretoria,1
Silicon Valley,1
Serbia,1
Bronx,4
Pacific Northwest,1
Holland,1
Malda,1
Breakfast,2
Chicago,13
Tribeca,1
Great Smoky Mountains,1
Rwanda,1
Jabal Rahul,1
St Thomas,1
Puttur,1
Rachel,1
Burma,1
From,1
Sadie,1
Saga,1
Bangladesh,7
Apulia,1
Port Soviet,1
Laura,1
BAR,1
Central Park,2
Manchester,2
Dominican Republic,1
yu mo,1
